{
  "action_histories": {
    "action_0": [
      [
        -5.0,
        -5.0,
        -5.0,
        -5.0,
        -5.0,
        -5.0,
        -5.0
      ],
      [
        -5.0,
        -5.0,
        -5.0,
        -5.0,
        -5.0,
        -5.0,
        -5.0
      ],
      [
        -5.0,
        -5.0,
        -5.0,
        -5.0,
        -5.0,
        -5.0,
        -5.0
      ],
      [
        -5.0,
        -5.0,
        -5.0,
        -5.0,
        -5.0,
        -5.0,
        -5.0
      ],
      [
        -5.0,
        -5.0,
        -5.0,
        -5.0,
        -5.0,
        -5.0,
        -5.0
      ],
      [
        -5.0,
        -5.0,
        -5.0,
        -5.0,
        -5.0,
        -5.0,
        -5.0
      ],
      [
        -5.0,
        -5.0,
        -5.0,
        -5.0,
        -5.0,
        -5.0,
        -5.0
      ],
      [
        -5.114564327612925e-11,
        -1.2105481894675307e-10,
        -9.31510285573367e-11,
        2.525703735045681e-07,
        -9.584495330727805e-08,
        -5.684571391384452e-08,
        1.0
      ],
      [
        0.00815527979284525,
        0.002605537883937359,
        -0.00971079058945179,
        -0.04788215458393097,
        -0.02560991607606411,
        0.13556690514087677,
        1.0
      ],
      [
        0.009051647037267685,
        0.0076920450665056705,
        -0.006910833530128002,
        -0.014897474087774754,
        0.005883192643523216,
        0.08255510777235031,
        1.0
      ]
    ],
    "action_1": [
      [
        -5.0,
        -5.0,
        -5.0,
        -5.0,
        -5.0,
        -5.0,
        -5.0
      ],
      [
        -5.0,
        -5.0,
        -5.0,
        -5.0,
        -5.0,
        -5.0,
        -5.0
      ],
      [
        -5.0,
        -5.0,
        -5.0,
        -5.0,
        -5.0,
        -5.0,
        -5.0
      ],
      [
        -5.0,
        -5.0,
        -5.0,
        -5.0,
        -5.0,
        -5.0,
        -5.0
      ],
      [
        -5.0,
        -5.0,
        -5.0,
        -5.0,
        -5.0,
        -5.0,
        -5.0
      ],
      [
        -5.0,
        -5.0,
        -5.0,
        -5.0,
        -5.0,
        -5.0,
        -5.0
      ],
      [
        -5.114564327612925e-11,
        -1.2105481894675307e-10,
        -9.31510285573367e-11,
        2.525703735045681e-07,
        -9.584495330727805e-08,
        -5.684571391384452e-08,
        1.0
      ],
      [
        0.00815527979284525,
        0.002605537883937359,
        -0.00971079058945179,
        -0.04788215458393097,
        -0.02560991607606411,
        0.13556690514087677,
        1.0
      ],
      [
        0.009051647037267685,
        0.0076920450665056705,
        -0.006910833530128002,
        -0.014897474087774754,
        0.005883192643523216,
        0.08255510777235031,
        1.0
      ],
      [
        0.009430934675037861,
        0.009917963296175003,
        -0.008172228001058102,
        0.02362874709069729,
        -0.034016966819763184,
        0.07629960775375366,
        1.0
      ]
    ]
  },
  "instructions": {
    "instr_0": "put small spoon from basket to tray",
    "instr_1": "transfer the little spoon out of the basket and place it on the tray",
    "instr_2": "relocate the small utensil from the basket to the serving tray",
    "instr_3": "arrange the spoon from the basket on the tray",
    "instr_4": "relocate the small utensil from the basket to the tray",
    "instr_5": "transfer the small utensil from the basket to the serving tray",
    "instr_6": "take the spoon out of the basket and put it on the tray",
    "instr_7": "transfer the small utensil from the basket onto the tray",
    "instr_8": "shift the small spoon from the basket to the flat tray",
    "instr_9": "place the small utensil from the basket onto the tray",
    "instr_10": "move the small spoon from the basket to the serving tray",
    "instr_11": "place the tiny spoon from the container onto the platter",
    "instr_12": "place the tiny spoon from the container into the tray",
    "instr_13": "move the little spoon out of the basket and onto the tray",
    "instr_14": "transfer the little spoon from the basket onto the tray",
    "instr_15": "position the little spoon from the basket onto the tray",
    "instr_16": "transfer the tiny spoon from the container to the serving tray",
    "instr_17": "place the little spoon from the basket onto the tray",
    "instr_18": "move the small spoon from the basket onto the flat tray",
    "instr_19": "shift the small spoon from the basket onto the flat tray",
    "instr_20": "set the small spoon from the basket on the surface",
    "instr_21": "move the small spoon from the basket onto the tray",
    "instr_22": "place the miniature spoon from the holder onto the serving tray",
    "instr_23": "transfer the small utensil from the basket to the tray",
    "instr_24": "transfer the small utensil from the container to the serving tray",
    "instr_25": "place the small utensil from the basket onto the serving tray",
    "instr_26": "transfer the tiny spoon from the container to the platform",
    "instr_27": "set the spoon from the basket onto the tray",
    "instr_28": "place the petite spoon from the basket onto the serving tray",
    "instr_29": "move the small utensil from the basket to the tray",
    "instr_30": "position the small spoon from the basket on the serving surface",
    "instr_31": "place the tiny spoon from the container onto the tray",
    "instr_32": "deposit the spoon from the basket onto the tray",
    "instr_33": "set the small spoon from the basket onto the flat surface",
    "instr_34": "position the spoon from the basket onto the tray",
    "instr_35": "position the small spoon from the basket onto the tray",
    "instr_36": "relocate the small spoon from the basket onto the flat surface",
    "instr_37": "put the small spoon from the container onto the tray",
    "instr_38": "place the small utensil from the basket onto the platform",
    "instr_39": "place the tiny spoon from the basket on the tray",
    "instr_40": "transfer the tiny spoon from the holder to the serving tray",
    "instr_41": "shift the tiny spoon from inside the basket to the tray",
    "instr_42": "move the tiny spoon from the basket and set it on the tray",
    "instr_43": "place the small spoon from the basket on the flat tray",
    "instr_44": "transfer the tiny utensil from the container to the tray",
    "instr_45": "set the petite spoon from the basket on the tray",
    "instr_46": "move the tiny spoon from the basket onto the tray",
    "instr_47": "move the tiny spoon from the basket to the tray",
    "instr_48": "place the petite spoon from the container onto the serving tray",
    "instr_49": "transfer the small spoon from the basket onto the serving tray",
    "instr_50": "transfer the small spoon from the basket to the serving tray",
    "instr_51": "shift the spoon from the basket to the tray",
    "instr_52": "transfer the spoon from the basket to the tray",
    "instr_53": "transfer the little spoon from the container to the tray",
    "instr_54": "position the small spoon from the basket on the serving tray",
    "instr_55": "move the little spoon from the container to the tray",
    "instr_56": "transfer the tiny spoon from the basket to the tray",
    "instr_57": "transfer the little spoon from the container to the serving tray",
    "instr_58": "arrange the little spoon from the basket on the tray",
    "instr_59": "place the small spoon from the basket on the serving tray",
    "instr_60": "place the miniature spoon from the holder to the serving tray",
    "instr_61": "move the small spoon from inside the basket to the tray",
    "instr_62": "move the small spoon to the tray from the basket",
    "instr_63": "place the small utensil from the basket onto the surface",
    "instr_64": "transfer the little spoon from the basket to the tray",
    "instr_65": "move the tiny spoon from the container to the platter",